{"cameraMode":{"drawMode":0,"name":"Shaded","section":"Shading Mode"},"sceneLighting":false,"audioPlay":false,"sceneViewState":{"m_AlwaysRefresh":false,"showFog":true,"showSkybox":false,"showFlares":true,"showImageEffects":true,"showParticleSystems":true,"showVisualEffectGraphs":true,"m_FxEnabled":true},"in2DMode":false,"pivot":{"x":-0.21122848987579347,"y":-0.07452631741762161,"z":0.07573341578245163},"rotation":{"x":-0.08531031012535095,"y":0.6363192796707153,"z":-0.07114823162555695,"w":-0.7634620070457459},"size":0.3052380681037903,"orthographic":false}